r,psi
0.01,0.002377423364330459
0.09,0.021386989128821667
0.17,0.040349467498162345
0.25,0.05922324308735908
0.33,0.07796714166637392
0.41000000000000003,0.09654063293047446
0.49,0.11490402781811479
0.5700000000000001,0.13301866874191653
0.65,0.15084711118713567
0.73,0.1683532952393565
0.81,0.18550270572724628
0.89,0.20226251980490045
0.97,0.21860174094931653
1.05,0.23449131850938512
1.1300000000000001,0.24990425211086428
1.21,0.26481568039446385
1.29,0.27920295373876247
1.37,0.29304569079358583
1.45,0.306325818820176
1.53,0.3190275979996034
1.61,0.3311376300282267
1.69,0.34264485146661616
1.77,0.3535405124444723
1.85,0.36381814144727137
1.93,0.373473497019447
2.01,0.38250450731298047
2.09,0.39091119848875816
2.17,0.398695613040648
2.25,0.40586171915889246
2.3299999999999996,0.4124153122803857
2.4099999999999997,0.41836390998915607
2.4899999999999998,0.42371664143162435
2.57,0.42848413239876537
2.65,0.43267838720232144
2.73,0.4363126684357421
2.81,0.4394013756639434
2.8899999999999997,0.4419599240305386
2.9699999999999998,0.4440046237083106
3.05,0.445552561049744
3.13,0.4466214822208193
3.21,0.4472296800242559
3.29,0.44739588453930323
3.3699999999999997,0.4471391581252269
3.4499999999999997,0.44647879525618434
3.53,0.4454342275757256
3.61,0.44402493448426134
3.69,0.44227035949822163
3.77,0.4401898325502922
3.8499999999999996,0.43780249833435386
3.9299999999999997,0.43512725073764813
4.01,0.43218267334651783
4.09,0.4289869859610537
4.17,0.4255579970082588
4.25,0.4219130617028937
4.33,0.41806904577006776
4.41,0.41404229451369995
4.49,0.4098486069900199
4.57,0.405503215025153
4.6499999999999995,0.40102076680026666
4.7299999999999995,0.3964153147163714
4.81,0.3917003072434178
4.89,0.38688858445455604
4.97,0.3819923769457786
5.05,0.3770233078435025
5.13,0.37199239760751035
5.21,0.3669100713437412
5.29,0.361786168350435
5.37,0.3566299536316489
5.45,0.3514501311240552
5.53,0.34625485839576725
5.61,0.34105176258957964
5.6899999999999995,0.3358479573971592
5.77,0.33065006086520365
5.85,0.3254642138491832
5.93,0.3202960989448661
6.01,0.31515095974224655
6.09,0.3100336202605473
6.17,0.3049485044367157
6.25,0.29989965555302067
6.33,0.2948907555020054
6.41,0.28992514379907125
6.49,0.28500583626438425
6.57,0.28013554330643814
6.65,0.2753166877496573
6.7299999999999995,0.2705514221576773
6.81,0.26584164561254087
6.89,0.2611890199179374
6.97,0.256594985201834
7.05,0.2520607749003716
7.13,0.24758743011084858
7.21,0.2431758133068961
7.29,0.23882662141369385
7.37,0.23454039824524903
7.45,0.23031754630944862
7.53,0.22615833798976906
7.61,0.22206292611528544
7.6899999999999995,0.21803135393295991
7.77,0.21406356449813965
7.85,0.21015940950080184
7.93,0.2063186575463945
8.01,0.20254100191111418
8.09,0.19882606779222003
8.17,0.19517341907449756
8.25,0.19158256463431902
8.33,0.18805296420285972
8.41,0.18458403381001753
8.49,0.1811751508304129
8.57,0.17782565865256542
8.65,0.17453487099196138
8.73,0.17130207586823765
8.81,0.16812653926618357
8.89,0.1650075084996434
8.97,0.16194421529675512
9.05,0.15893587862427883
9.13,0.15598170726805574
9.21,0.15308090218590048
9.29,0.15023265864849059
9.37,0.1474361681830757
9.45,0.14469062033408325
9.53,0.1419952042539571
9.61,0.1393491101368438
9.69,0.13675153050702432
9.77,0.13420166137329956
9.85,0.13169870325986496
9.93,0.12924186212355288
10.01,0.12683035016669
10.09,0.12446338655422542
10.17,0.12214019804319293
10.25,0.1198600195320271
10.33,0.1176220945367245
10.41,0.11542567560034034
10.49,0.11327002464184098
10.57,0.11115441324987997
10.65,0.10907812292664502
10.73,0.10704044528653266
10.81,0.10504068221402255
10.89,0.10307814598478265
10.97,0.10115215935370474
11.05,0.09926205561326706
11.13,0.09740717862533038
11.21,0.09558688282921748
11.29,0.09380053322867171
11.37,0.09204750536006454
11.45,0.09032718524401064
11.53,0.08863896932235713
11.61,0.08698226438232516
11.69,0.08535648746942201
11.77,0.08376106579058668
11.85,0.08219543660889156
11.93,0.08065904713099215
12.01,0.07915135438840344
12.09,0.07767182511356908
12.17,0.07621993561158759
12.25,0.07479517162838026
12.33,0.07339702821599069
12.41,0.07202500959564326
12.49,0.07067862901911037
12.57,0.0693574086288829
12.65,0.06806087931757743
12.73,0.06678858058696986
12.81,0.06554006040699457
12.89,0.06431487507500895
12.97,0.06311258907558376
13.05,0.06193277494105301
13.13,0.060775013113018556
13.21,0.05963889180498447
13.290000000000001,0.05852400686626944
13.37,0.057429961647324765
13.45,0.05635636686656427
13.53,0.0553028404788007
13.61,0.05426900754536218
13.69,0.05325450010595144
13.77,0.05225895705229912
13.85,0.05128202400365056
13.93,0.05032335318411779
14.01,0.04938260330191859
14.09,0.04845943943051809
14.17,0.047553532891681904
14.25,0.046664561140444656
14.33,0.04579220765199191
14.41,0.04493616181045079
14.49,0.04409611879958015
14.57,0.04327177949534777
14.65,0.04246285036037985
14.73,0.04166904334026564
14.81,0.040890075761698196
14.89,0.04012567023242995
14.97,0.039375554543022724
15.05,0.038639461570367996
15.13,0.03791712918295201
15.21,0.037208300147842904
15.290000000000001,0.03651272203937326
15.37,0.03583014714949461
15.45,0.035160332399773314
15.53,0.03450303925500689
15.61,0.03385803363842921
15.69,0.03322508584848153
15.77,0.032603970477122976
15.85,0.03199446632965238
15.93,0.03139635634601664
16.01,0.030809427523578747
16.090000000000003,0.03023347084132088
16.17,0.02966828118545595
16.250000000000004,0.02911365727642334
16.330000000000002,0.028569401597243547
16.41,0.02803532032320709
16.490000000000002,0.0275112232528738
16.57,0.02699692374035838
16.650000000000002,0.026492238628878628
16.73,0.02599698818554356
16.810000000000002,0.025510996037358624
16.89,0.025034089108424536
16.970000000000002,0.024566097558309626
17.05,0.024106854721572604
17.130000000000003,0.023656197048414162
17.21,0.023213964046437965
17.290000000000003,0.02277999822349899
17.37,0.02235414503161991
17.450000000000003,0.021936252811955177
17.53,0.02152617274078354
17.610000000000003,0.021123758776509773
17.69,0.020728867607656857
17.770000000000003,0.02034135860183013
17.85,0.01996109375563487
17.930000000000003,0.019587937645530802
18.01,0.019221757379604812
18.090000000000003,0.018862422550244604
18.17,0.018509805187697456
18.250000000000004,0.018163779714496838
18.330000000000002,0.017824222900741173
18.410000000000004,0.017491013820208304
18.490000000000002,0.017164033807290348
18.57,0.016843166414733362
18.650000000000002,0.016528297372167478
18.73,0.01621931454541196
18.810000000000002,0.015916107896541194
18.89,0.01561856944469696
18.970000000000002,0.015326593227633157
19.05,0.015040075263979843
19.130000000000003,0.014758913516212358
19.21,0.01448300785431281
19.290000000000003,0.0142122600201108
19.37,0.013946573592290805
19.450000000000003,0.013685853952053842
19.53,0.013430008249420837
19.610000000000003,0.013178945370166076
19.69,0.012932575903368704
19.770000000000003,0.012690812109570881
19.85,0.0124535678895311
19.930000000000003,0.012220758753561973
20.01,0.011992301791440606
20.090000000000003,0.011768115642882075
20.17,0.011548120468564507
20.250000000000004,0.01133223792169587
20.330000000000002,0.011120391120112516
20.410000000000004,0.01091250461889912
20.490000000000002,0.010708504383520544
20.57,0.010508317763456072
20.650000000000002,0.010311873466326055
20.73,0.0101191015325028
20.810000000000002,0.009929933310195661
20.89,0.009744301431002474
20.970000000000002,0.009562139785917568
21.05,0.009383383501788266
21.130000000000003,0.009207968918211762
21.21,0.009035833564863692
21.290000000000003,0.008866916139250666
21.37,0.008701156484878604
21.450000000000003,0.008538495569829245
21.53,0.008378875465736998
21.610000000000003,0.008222239327159056
21.69,0.008068531371331067
21.770000000000003,0.007917696858301182
21.85,0.007769682071435598
21.930000000000003,0.007624434298288395
22.01,0.007481901811829148
22.090000000000003,0.00734203385202139
22.17,0.007204780607745447
22.250000000000004,0.007070093199059249
22.330000000000002,0.006937923659790667
22.410000000000004,0.006808224920455396
22.490000000000002,0.006680950791494096
22.57,0.006556055946822962
22.650000000000002,0.0064334959076917395
22.73,0.0063132270268434895
22.810000000000002,0.00619520647297053
22.89,0.006079392215461011
22.970000000000002,0.005965743009430466
23.05,0.005854218381033331
23.130000000000003,0.005744778613049044
23.21,0.0056373847307374806
23.290000000000003,0.0055319984879589725
23.37,0.005428582353553724
23.450000000000003,0.005327099497975823
23.53,0.005227513780177173
23.610000000000003,0.005129789734736558
23.69,0.005033892559229375
23.770000000000003,0.004939788101833407
23.85,0.004847442849166478
23.930000000000003,0.004756823914351259
24.01,0.00466789902530334
24.090000000000003,0.004580636513238146
24.17,0.004495005301392726
24.250000000000004,0.004410974893958397
24.330000000000002,0.004328515365220339
24.410000000000004,0.004247597348900122
24.490000000000002,0.004168192027697483
24.570000000000004,0.004090271123027657
24.650000000000002,0.004013806884950525
24.73,0.003938772082288056
24.810000000000002,0.0038651399929264837
24.89,0.0037928843942997633
24.970000000000002,0.003721979554050918
25.05,0.0036524002208679902
25.130000000000003,0.0035841216154913445
25.21,0.0035171194218889938
25.290000000000003,0.0034513697785969618
25.37,0.0033868492702214996
25.450000000000003,0.0033235349191001956
25.53,0.0032614041771189058
25.610000000000003,0.003200434917681745
25.69,0.0031406054278311332
25.770000000000003,0.003081894400515168
25.85,0.0030242809269995456
25.930000000000003,0.002967744489421366
26.01,0.002912264953482088
26.090000000000003,0.002857822561277133
26.17,0.0028043979242594985
26.250000000000004,0.0027519720163349127
26.330000000000002,0.0027005261670860936
26.410000000000004,0.002650042055123654
26.490000000000002,0.0026005017015613115
26.570000000000004,0.0025518874636130833
26.650000000000002,0.0025041820283101418
26.73,0.0024573684063351605
26.810000000000002,0.00241142992597197
26.89,0.002366350227168238
26.970000000000002,0.0023221132557091394
27.05,0.0022787032575000226
27.130000000000003,0.0022361047729558678
27.21,0.002194302631495685
27.290000000000003,0.0021532819461398504
27.37,0.002113028108208371
27.450000000000003,0.0020735267821183055
27.53,0.0020347639002784457
27.610000000000003,0.0019967256580794377
27.69,0.0019593985089775405
27.770000000000003,0.0019227691596703218
27.85,0.001886824565362501
27.930000000000003,0.0018515519251203066
28.01,0.0018169386773127108
28.090000000000003,0.0017829724951378349
28.17,0.0017496412822330283
28.250000000000004,0.0017169331683669889
28.330000000000002,0.0016848365052124204
28.410000000000004,0.001653339862197715
28.490000000000002,0.0016224320224362031
28.570000000000004,0.0015921019787314707
28.650000000000002,0.001562338929657379
28.73,0.0015331322757113591
28.810000000000002,0.0015044716155396144
28.89,0.0014763467422328831
28.970000000000002,0.0014487476396914602
29.05,0.0014216644790581814
29.130000000000003,0.001395087615218054
29.21,0.0013690075833633593
29.290000000000003,0.0013434150956229591
29.37,0.0013183010377545968
29.450000000000003,0.0012936564658990511
29.53,0.0012694726033949612
29.610000000000003,0.0012457408376531783
29.69,0.0012224527170895988
29.770000000000003,0.0011995999481153132
29.85,0.0011771743921829966
29.930000000000003,0.001155168062888528
30.01,0.0011335731231268049
30.090000000000003,0.001112381882300703
30.17,0.001091586793582245
30.250000000000004,0.0010711804512249486
30.330000000000002,0.0010511555879264033
30.410000000000004,0.0010315050722401818
30.490000000000002,0.0010122219060361146
30.570000000000004,0.000993299222008063
30.650000000000002,0.0009747302812282554
30.73,0.0009565084707473596
30.810000000000002,0.000938627301239414
30.89,0.0009210804046907863
30.970000000000002,0.0009038615321323433
31.05,0.0008869645514139976
31.130000000000003,0.000870383445020876
31.21,0.0008541123079302951
31.290000000000003,0.0008381453455088155
31.37,0.0008224768714485993
31.450000000000003,0.0008071013057423468
31.53,0.0007920131726960955
31.610000000000003,0.0007772070989791565
31.69,0.000762677811710513
31.770000000000003,0.0007484201365809978
31.85,0.0007344289960105581
31.930000000000003,0.0007206994073399917
32.01,0.0007072264810564622
32.089999999999996,0.0006940054190522084
32.17,0.0006810315129157921
32.25,0.0006683001422552938
32.33,0.0006558067730528545
32.41,0.0006435469560499768
32.49,0.0006315163251630127
32.57,0.0006197105959282599
32.65,0.0006081255639761678
32.73,0.0005967571035340149
32.809999999999995,0.0005856011659566039
32.89,0.0005746537782844204
32.97,0.0005639110418287405
33.05,0.0005533691307831982
33.129999999999995,0.0005430242908613026
33.21,0.0005328728379594177
33.29,0.0005229111568447472
33.37,0.0005131356998678443
33.449999999999996,0.0005035429856991906
33.53,0.000494129598089389
33.61,0.000484892184652534
33.69,0.00047582745567233234
33.769999999999996,0.0004669321829305364
33.85,0.0004582031985572808
33.93,0.0004496373939029082
34.01,0.00044123171843088693
34.089999999999996,0.0004329831786314287
34.17,0.00042488883695540695
34.25,0.0004169458107682104
34.33,0.0004091512713231525
34.41,0.0004015024427540668
34.49,0.00039399660108674524
34.57,0.00038663107326884294
34.65,0.00037940323621793356
34.73,0.00037231051588734526
34.81,0.00036535038634947104
34.89,0.00035852036889620674
34.97,0.00035181803115621265
35.05,0.00034524098622867443
35.129999999999995,0.0003387868918332542
35.21,0.00033245344947593853
35.29,0.00032623840363047433
35.37,0.00032013954093511
35.449999999999996,0.00031415468940435037
35.53,0.00030828171765544797
35.61,0.000302518534149359
35.69,0.000296863086445885
35.769999999999996,0.00029131336047273274
35.85,0.0002858673798082477
35.93,0.0002805232049775488
36.01,0.0002752789327618265
36.089999999999996,0.00027013269552055084
36.17,0.00026508266052634465
36.25,0.00026012702931229833
36.33,0.0002552640370314811
36.41,0.000250491951828429
36.49,0.00024580907422237823
36.57,0.00024121373650203077
36.65,0.00023670430213163144
36.73,0.00023227916516815067
36.81,0.00022793674968936013
36.89,0.00022367550923259975
36.97,0.00021949392624403735
37.05,0.00021539051153822295
37.129999999999995,0.00021136380376774475
37.21,0.0002074123689028017
37.29,0.00020353479972050104
37.37,0.00019972971530370616
37.449999999999996,0.00019599576054925053
37.53,0.00019233160568534458
37.61,0.00018873594579800585
37.69,0.00018520750036634016
37.769999999999996,0.00018174501280651057
37.85,0.0001783472500242297
37.93,0.0001750130019756181
38.01,0.00017174108123627375
38.089999999999996,0.00016853032257839345
38.17,0.00016537958255580126
38.25,0.0001622877390967333
38.33,0.0001592536911042352
38.41,0.000156276358064026
38.49,0.00015335467965969945
38.57,0.0001504876153951133
38.65,0.00014767414422383533
38.73,0.00014491326418551996
38.81,0.00014220399204908219
38.89,0.00013954536296253737
38.97,0.00013693643010938947
39.05,0.00013437626437144354
39.129999999999995,0.0001318639539979158
39.21,0.00012939860428073406
39.29,0.0001269793372359053
39.37,0.00012460529129084002
39.449999999999996,0.00012227562097752112
39.53,0.00011998949663140637
39.61,0.00011774610409596173
39.69,0.0001155446444327152
39.769999999999996,0.00011338433363673144
39.85,0.0001112644023574049
39.93,0.00010918409562447129
40.01,0.00010714267257913878
40.089999999999996,0.00010513940621024794
40.17,0.00010317358309536103
40.25,0.00010124450314669108
40.33,9.935147936178036e-05
40.41,9.749383757883737e-05
40.49,9.567091623664903e-05
40.57,9.38820661389782e-05
40.65,9.212665022336702e-05
40.73,9.04040433342585e-05
40.81,8.871363200036201e-05
40.89,8.705481421617575e-05
40.97,8.542699922759664e-05
41.05,8.382960732153433e-05
41.129999999999995,8.226206961945868e-05
41.21,8.07238278748047e-05
41.29,7.921433427416482e-05
41.37,7.773305124219545e-05
41.449999999999996,7.627945125017196e-05
41.53,7.485301662811994e-05
41.61,7.3453239380457e-05
41.69,7.207962100508126e-05
41.769999999999996,7.073167231583846e-05
41.85,6.940891326830997e-05
41.93,6.811087278885452e-05
42.01,6.68370886068441e-05
42.089999999999996,6.558710709003571e-05
42.17,6.43604830830198e-05
42.25,6.315677974868723e-05
42.33,6.197556841265865e-05
42.41,6.081642841062111e-05
42.49,5.9678946938516735e-05
42.57,5.856271890553116e-05
42.65,5.7467346789828696e-05
42.73,5.63924404969831e-05
42.81,5.5337617221053126e-05
42.89,5.430250130825442e-05
42.97,5.328672412317758e-05
43.05,5.2289923917506405e-05
43.129999999999995,5.131174570118871e-05
43.21,5.0351841116014e-05
43.29,4.940986831155246e-05
43.37,4.8485491823411954e-05
43.449999999999996,4.7578382453769586e-05
43.53,4.668821715413416e-05
43.61,4.581467891029958e-05
43.69,4.4957456629446017e-05
43.769999999999996,4.411624502935086e-05
43.85,4.329074452966885e-05
43.93,4.2480661145242516e-05
44.01,4.1685706381405495e-05
44.089999999999996,4.090559713124077e-05
44.17,4.0140055574758125e-05
44.25,3.938880907995409e-05
44.33,3.8651590105719036e-05
44.41,3.792813610655918e-05
44.49,3.7218189439095665e-05
44.57,3.652149727031057e-05
44.65,3.583781148750493e-05
44.73,3.516688860993888e-05
44.81,3.450848970212066e-05
44.89,3.3862380288715064e-05
44.97,3.3228330271039434e-05
45.05,3.260611384511878e-05
45.129999999999995,3.199550942127031e-05
45.21,3.139629954518871e-05
45.29,3.0808270820504145e-05
45.37,3.0231213832785967e-05
45.449999999999996,2.966492307496373e-05
45.53,2.910919687413996e-05
45.61,2.8563837319768623e-05
45.69,2.80286501931733e-05
45.769999999999996,2.750344489838016e-05
45.85,2.6988034394241032e-05
45.93,2.6482235127822477e-05
46.01,2.5985866969037274e-05
46.089999999999996,2.549875314649475e-05
46.17,2.5020720184547328e-05
46.25,2.455159784151064e-05
46.33,2.4091219049035323e-05
46.41,2.3639419852608997e-05
46.49,2.3196039353167473e-05
46.57,2.2760919649793695e-05
46.65,2.2333905783484524e-05
46.73,2.1914845681965256e-05
46.81,2.150359010553232e-05
46.89,2.10999925939044e-05
46.97,2.0703909414063784e-05
47.05,2.0315199509068576e-05
47.129999999999995,1.9933724447818344e-05
47.21,1.9559348375754328e-05
47.29,1.919193796647777e-05
47.37,1.8831362374269026e-05
47.449999999999996,1.8477493187489043e-05
47.53,1.813020438284809e-05
47.61,1.778937228052532e-05
47.69,1.7454875500122716e-05
47.769999999999996,1.712659491743791e-05
47.85,1.6804413622040556e-05
47.93,1.6488216875636877e-05
48.01,1.617789207120806e-05
48.089999999999996,1.5873328692907668e-05
48.17,1.557441827670362e-05
48.25,1.5281054371750793e-05
48.33,1.4993132502480935e-05
48.41,1.4710550131395751e-05
48.49,1.4433206622550304e-05
48.57,1.4161003205713495e-05
48.65,1.3893842941193149e-05
48.73,1.3631630685312828e-05
48.81,1.3374273056528415e-05
48.89,1.3121678402172182e-05
48.97,1.2873756765812523e-05
49.05,1.2630419855217795e-05
49.13,1.2391581010912952e-05
49.21,1.2157155175317437e-05
49.29,1.1927058862453719e-05
49.37,1.1701210128215448e-05
49.449999999999996,1.1479528541184658e-05
49.53,1.1261935153987844e-05
49.61,1.1048352475180453e-05
49.69,1.0838704441649998e-05
49.769999999999996,1.0632916391527414e-05
49.85,1.0430915037598017e-05
49.93,1.0232628441201747e-05
50.01,1.003798598661364e-05
50.089999999999996,9.846918355895423e-06
50.17,9.659357504209208e-06
50.25,9.475236635585149e-06
50.33,9.294490179133099e-06
50.41,9.117053765691014e-06
50.49,8.942864204901077e-06
50.57,8.771859462705814e-06
50.65,8.603978639255847e-06
50.73,8.439161947221873e-06
50.81,8.277350690502375e-06
50.89,8.118487243320246e-06
50.97,7.962515029700612e-06
51.05,7.80937850332243e-06
51.13,7.659023127736797e-06
51.21,7.5113953569449265e-06
51.29,7.366442616328829e-06
51.37,7.2241132839278755e-06
51.449999999999996,7.084356672054758e-06
51.53,6.947123009244087e-06
51.61,6.812363422527282e-06
51.69,6.680029920027527e-06
51.769999999999996,6.5500753738683525e-06
51.85,6.422453503390067e-06
51.93,6.297118858667786e-06
52.01,6.174026804325432e-06
52.089999999999996,6.053133503639729e-06
52.17,5.934395902928608e-06
52.25,5.817771716218621e-06
52.33,5.703219410185555e-06
52.41,5.590698189363205e-06
52.49,5.480167981614917e-06
52.57,5.371589423862723e-06
52.65,5.264923848068992e-06
52.73,5.160133267465554e-06
52.81,5.057180363025557e-06
52.89,4.95602847017297e-06
52.97,4.856641565725219e-06
53.05,4.758984255064385e-06
53.13,4.663021759532117e-06
53.21,4.568719904043868e-06
53.29,4.4760451049181915e-06
53.37,4.384964357916528e-06
53.449999999999996,4.29544522648948e-06
53.53,4.207455830225192e-06
53.61,4.120964833495742e-06
53.69,4.035941434297626e-06
53.769999999999996,3.952355353282243e-06
53.85,3.870176822972529e-06
53.93,3.7893765771618927e-06
54.01,3.709925840491639e-06
54.089999999999996,3.6317963182032024e-06
54.17,3.5549601860615497e-06
54.25,3.4793900804461794e-06
54.33,3.4050590886060945e-06
54.41,3.3319407390753744e-06
54.49,3.260008992245926e-06
54.57,3.1892382310939815e-06
54.65,3.1196032520571253e-06
54.73,3.051079256058585e-06
54.81,2.9836418396755134e-06
54.89,2.9172669864482264e-06
54.97,2.851931058327229e-06
55.05,2.7876107872549904e-06
55.13,2.724283266879521e-06
55.21,2.6619259443967138e-06
55.29,2.600516612518661e-06
55.37,2.540033401564963e-06
55.449999999999996,2.4804547716742807e-06
55.53,2.421759505133318e-06
55.61,2.3639266988206347e-06
55.69,2.3069357567624194e-06
55.769999999999996,2.250766382797649e-06
55.85,2.195398573350011e-06
55.93,2.140812610304029e-06
56.01,2.086989053982893e-06
56.089999999999996,2.033908736225369e-06
56.17,1.9815527535594676e-06
56.25,1.92990246047036e-06
56.33,1.87893946276016e-06
56.41,1.8286456109972026e-06
56.49,1.779002994052503e-06
56.57,1.7299939327210622e-06
56.65,1.681600973425793e-06
56.73,1.6338068820017672e-06
56.81,1.5865946375586272e-06
56.89,1.5399474264189524e-06
56.97,1.4938486361303976e-06
57.05,1.4482818495495119e-06
57.13,1.4032308389951136e-06
57.21,1.3586795604691235e-06
57.29,1.3146121479428243e-06
57.37,1.2710129077065037e-06
57.449999999999996,1.227866312780455e-06
57.53,1.1851569973853374e-06
57.61,1.1428697514700152e-06
57.69,1.1009895152947868e-06
57.769999999999996,1.0595013740681718e-06
57.85,1.0183905526353083e-06
57.93,9.77642410216065e-07
58.01,9.372424351910417e-07
58.089999999999996,8.971762399335556e-07
58.17,8.574295556857738e-07
58.25,8.179882274771868e-07
58.33,7.788382090836127e-07
58.41,7.399655580249109e-07
58.49,7.013564305996603e-07
58.57,6.62997076955004e-07
58.65,6.248738361899164e-07
58.73,5.8697313149015e-07
58.81,5.492814652931383e-07
58.89,5.11785414481119e-07
58.97,4.744716256007615e-07
59.05,4.373268101075984e-07
59.13,4.003377396335849e-07
59.21,3.6349124127608524e-07
59.29,3.2677419290661586e-07
59.37,2.9017351849766226e-07
59.449999999999996,2.536761834659177e-07
59.53,2.172691900302924e-07
59.61,1.809395725830119e-07
59.69,1.446743930721795e-07
59.769999999999996,1.0846073639415366e-07
59.85,7.228570579410045e-08
59.93,3.6136418273073656e-08
