y,phi_A,phi_B
-25.0,-0.9999999999999991,0.0
-24.8999799959992,-0.999999999999999,2.6836879253629133e-10
-24.7999599919984,-0.9999999999999989,5.380911381494655e-10
-24.6999399879976,-0.9999999999999987,8.105360602843221e-10
-24.5999199839968,-0.9999999999999984,1.0871034112544508e-09
-24.499899979995998,-0.9999999999999982,1.3692390154231603e-09
-24.399879975995198,-0.9999999999999979,1.658449510002405e-09
-24.299859971994398,-0.9999999999999977,1.9563168198866295e-09
-24.199839967993597,-0.9999999999999972,2.264512232269529e-09
-24.099819963992797,-0.9999999999999969,2.584810070459662e-09
-23.999799959992,-0.9999999999999963,2.9191010026248164e-09
-23.8997799559912,-0.9999999999999958,3.2694050584000405e-09
-23.7997599519904,-0.9999999999999952,3.637884462683857e-09
-23.6997399479896,-0.9999999999999944,4.026856429967751e-09
-23.5997199439888,-0.9999999999999936,4.438806092885468e-09
-23.499699939987998,-0.9999999999999927,4.876399764333094e-09
-23.399679935987198,-0.9999999999999916,5.342498752858227e-09
-23.299659931986398,-0.9999999999999902,5.840173965781787e-09
-23.199639927985597,-0.9999999999999888,6.372721543802936e-09
-23.099619923984797,-0.999999999999987,6.943679775086345e-09
-22.999599919983996,-0.999999999999985,7.556847536768187e-09
-22.899579915983196,-0.9999999999999828,8.21630450839041e-09
-22.799559911982396,-0.9999999999999801,8.926433396078139e-09
-22.699539907981595,-0.9999999999999771,9.691944399479959e-09
-22.599519903980795,-0.9999999999999737,1.051790214676476e-08
-22.499499899979995,-0.9999999999999696,1.1409755317415792e-08
-22.399479895979194,-0.999999999999965,1.2373369169172406e-08
-22.299459891978394,-0.9999999999999597,1.3415061185077383e-08
-22.199439887977597,-0.9999999999999536,1.4541640059852291e-08
-22.099419883976793,-0.9999999999999466,1.5760448252218953e-08
-21.999399879975996,-0.9999999999999384,1.707940834160886e-08
-21.899379875975196,-0.9999999999999291,1.8507073444087974e-08
-21.799359871974396,-0.9999999999999183,2.0052681963272266e-08
-21.699339867973595,-0.9999999999999059,2.1726216977413475e-08
-21.599319863972795,-0.9999999999998915,2.353847059352129e-08
-21.499299859971995,-0.9999999999998751,2.5501113633146174e-08
-21.399279855971194,-0.9999999999998561,2.7626771052062307e-08
-21.299259851970394,-0.9999999999998342,2.992910353737278e-08
-21.199239847969594,-0.9999999999998092,3.242289577036664e-08
-21.099219843968793,-0.9999999999997801,3.5124151891711046e-08
-20.999199839967993,-0.9999999999997466,3.805019875726106e-08
-20.899179835967193,-0.9999999999997082,4.121979762799541e-08
-20.799159831966392,-0.9999999999996638,4.465326499650572e-08
-20.699139827965592,-0.9999999999996128,4.837260331533054e-08
-20.59911982396479,-0.9999999999995539,5.2401642459563086e-08
-20.499099819963995,-0.9999999999994862,5.676619282797774e-08
-20.39907981596319,-0.9999999999994081,6.149421106388715e-08
-20.299059811962394,-0.9999999999993182,6.661597945959261e-08
-20.19903980796159,-0.9999999999992146,7.216430019721484e-08
-20.099019803960793,-0.9999999999990953,7.817470567453338e-08
-19.998999799959993,-0.9999999999989578,8.468568626791019e-08
-19.898979795959193,-0.9999999999987994,9.1738936996168e-08
-19.798959791958392,-0.999999999998617,9.937962467022453e-08
-19.698939787957592,-0.9999999999984069,1.0765667724419125e-07
-19.59891978395679,-0.9999999999981649,1.16623097225422e-07
-19.49889977995599,-0.999999999997886,1.2633630115460253e-07
-19.39887977595519,-0.9999999999975648,1.3685848733342453e-07
-19.29885977195439,-0.9999999999971948,1.482570341577815e-07
-19.19883976795359,-0.9999999999967686,1.6060493160994182e-07
-19.09881976395279,-0.9999999999962776,1.739812486750499e-07
-18.99879975995199,-0.999999999995712,1.8847163967695912e-07
-18.89877975595119,-0.9999999999950605,2.0416889277727524e-07
-18.79875975195039,-0.99999999999431,2.2117352415118203e-07
-18.69873974794959,-0.9999999999934455,2.39594421645863e-07
-18.59871974394879,-0.9999999999924496,2.595495420439838e-07
-18.498699739947988,-0.9999999999913023,2.811666663977901e-07
-18.39867973594719,-0.9999999999899808,3.045842182710954e-07
-18.298659731946387,-0.9999999999884585,3.299521501291536e-07
-18.19863972794559,-0.9999999999867047,3.574329035527189e-07
-18.09861972394479,-0.9999999999846847,3.8720244942526556e-07
-17.99859971994399,-0.9999999999823576,4.194514147544055e-07
-17.89857971594319,-0.9999999999796769,4.543863033432829e-07
-17.79855971194239,-0.9999999999765891,4.922308181286719e-07
-17.69853970794159,-0.9999999999730319,5.332272936535338e-07
-17.598519703940788,-0.9999999999689343,5.776382478470413e-07
-17.498499699939988,-0.9999999999642142,6.25748063049081e-07
-17.398479695939187,-0.9999999999587768,6.778648070438979e-07
-17.298459691938387,-0.9999999999525132,7.343222057641339e-07
-17.198439687937586,-0.9999999999452979,7.954817802977764e-07
-17.098419683936786,-0.9999999999369863,8.617351618827255e-07
-16.998399679935986,-0.9999999999274118,9.33506599713502e-07
-16.89837967593519,-0.9999999999163827,1.0112556776193814e-06
-16.798359671934385,-0.9999999999036776,1.0954802570108736e-06
-16.69833966793359,-0.9999999998890422,1.1867196649404947e-06
-16.598319663932784,-0.999999999872183,1.2855581476935435e-06
-16.498299659931988,-0.9999999998527621,1.3926286120251012e-06
-16.398279655931184,-0.9999999998303905,1.5086166780016312e-06
-16.298259651930387,-0.9999999998046195,1.6342650694011986e-06
-16.198239647929583,-0.9999999997749329,1.770378369788197e-06
-16.098219643928786,-0.9999999997407357,1.9178281747204308e-06
-15.998199639927986,-0.9999999997013425,2.077558673083485e-06
-15.898179635927185,-0.9999999996559638,2.250592693295758e-06
-15.798159631926385,-0.99999999960369,2.4380382531049266e-06
-15.698139627925585,-0.9999999995434736,2.641095654922099e-06
-15.598119623924784,-0.9999999994741079,2.8610651721341204e-06
-15.498099619923984,-0.9999999993942026,3.099355375619812e-06
-15.398079615923184,-0.9999999993021562,3.3574921537966767e-06
-15.298059611922383,-0.999999999196124,3.6371284839669935e-06
-15.198039607921585,-0.9999999990739812,3.940055017544846e-06
-15.098019603920784,-0.9999999989332795,4.2682115469592345e-06
-14.997999599919984,-0.9999999987711994,4.623699427676469e-06
-14.897979595919184,-0.9999999985844923,5.008795034903908e-06
-14.797959591918383,-0.9999999983694166,5.425964341165737e-06
-14.697939587917583,-0.9999999981216616,5.877878708122764e-06
-14.597919583916783,-0.9999999978362623,6.367431993787911e-06
-14.497899579915982,-0.9999999975074985,6.8977590847173205e-06
-14.397879575915182,-0.9999999971287816,7.472255971887926e-06
-14.297859571914382,-0.9999999966925215,8.094601498864237e-06
-14.197839567913583,-0.999999996189975,8.768780921573971e-06
-14.097819563912783,-0.9999999956110703,9.499111430622537e-06
-13.997799559911982,-0.9999999949442053,1.0290269799654829e-05
-13.897779555911182,-0.9999999941760153,1.1147322336900493e-05
-13.797759551910382,-0.9999999932911046,1.2075757331802822e-05
-13.697739547909581,-0.9999999922717382,1.3081520204627395e-05
-13.59771954390878,-0.9999999910974868,1.4171051584276598e-05
-13.49769953990798,-0.9999999897448167,1.535132855831262e-05
-13.39767953590718,-0.9999999881866185,1.6629909359534406e-05
-13.297659531906382,-0.9999999863916639,1.8014981775495225e-05
-13.197639527905581,-0.9999999843239793,1.951541559122847e-05
-13.09761952390478,-0.9999999819421256,2.1140819401324083e-05
-12.99759951990398,-0.999999979198367,2.2901602155533918e-05
-12.89757951590318,-0.9999999760377151,2.4809039832461554e-05
-12.79755951190238,-0.9999999723968257,2.687534766880786e-05
-12.69753950790158,-0.9999999682027305,2.911375840730941e-05
-12.597519503900779,-0.999999963371374,3.153860706515488e-05
-12.497499499899979,-0.9999999578059292,3.4165422766543245e-05
-12.39747949589918,-0.9999999513948569,3.701102822842965e-05
-12.29745949189838,-0.9999999440096702,4.009364753768445e-05
-12.19743948789758,-0.9999999355023599,4.343302291118517e-05
-12.097419483896779,-0.9999999257024277,4.705054118812066e-05
-11.997399479895979,-0.9999999144134695,5.0969370866381516e-05
-11.897379475895178,-0.9999999014092389,5.521461056275376e-05
-11.797359471894378,-0.9999998864291132,5.981344985016349e-05
-11.697339467893578,-0.99999986917287,6.47953435049178e-05
-11.597319463892777,-0.9999998492946706,7.019220028327699e-05
-11.497299459891979,-0.9999998263961284,7.603858744033499e-05
-11.397279455891178,-0.9999998000183251,8.237195230569872e-05
-11.297259451890378,-0.9999997696326134,8.923286234050558e-05
-11.197239447889578,-0.9999997346300218,9.666526521962818e-05
-11.097219443888777,-0.9999996943090506,0.0001047167706122731
-10.997199439887977,-0.9999996478616122,0.00011343895547443797
-10.897179435887177,-0.9999995943568368,0.00012288769481878472
-10.797159431886376,-0.9999995327224156,0.00013312352009241365
-10.697139427885576,-0.9999994617231113,0.00014421200747189315
-10.597119423884775,-0.9999993799360015,0.00015622419857889552
-10.497099419883977,-0.9999992857219623,0.0001692370563302128
-10.397079415883177,-0.9999991771928175,0.00018333395886418333
-10.297059411882376,-0.999999052173498,0.0001986052347331877
-10.197039407881576,-0.9999989081584502,0.0002151487428205325
-10.097019403880775,-0.9999987422614219,0.00023307050073155097
-9.996999399879975,-0.9999985511576188,0.000252485365725081
-9.896979395879175,-0.9999983310170718,0.00027351777259477465
-9.796959391878374,-0.9999980774278803,0.0002963025332822938
-9.696939387877574,-0.9999977853077932,0.00032098570340887436
-9.596919383876775,-0.999997448802356,0.0003477255213507771
-9.496899379875975,-0.9999970611675825,0.00037669342596076795
-9.396879375875175,-0.9999966146347993,0.0004080751595552578
-9.296859371874374,-0.9999961002549568,0.0004420719633486254
-9.196839367873574,-0.9999955077192839,0.00047890187312638
-9.096819363872774,-0.999994825152696,0.0005188011236113917
-8.996799359871975,-0.999994038875813,0.0005620256706969273
-8.896779355871175,-0.9999931331308225,0.0006088528415016077
-8.796759351870374,-0.9999920897656923,0.0006595831230499143
-8.696739347869574,-0.9999908878704071,0.0007145421013033143
-8.596719343868774,-0.9999895033579403,0.0007740825632675079
-8.496699339867973,-0.9999879084815666,0.0008385867759875023
-8.396679335867173,-0.9999860712788453,0.0009084689574211933
-8.296659331866373,-0.9999839549311366,0.0009841779554615672
-8.196639327865572,-0.9999815170258217,0.0010662001527656036
-8.096619323864772,-0.9999787087064498,0.0011550626165530709
-7.9965993198639715,-0.9999754736937924,0.0012513365141697142
-7.896579315863171,-0.9999717471582019,0.001355640816976284
-7.796559311862371,-0.9999674544206972,0.0014686463170373396
-7.6965393078615705,-0.9999625094567729,0.0015910799831517824
-7.59651930386077,-0.9999568131729855,0.0017237296850008599
-7.49649929985997,-0.9999502514218278,0.0018674493165991022
-7.396479295859169,-0.999942692715175,0.0020231643528289866
-7.296459291858373,-0.9999339855905679,0.0021918778756303764
-7.196439287857572,-0.9999239555776673,0.00237467710940889
-7.096419283856772,-0.999912401704245,0.0025727405084298625
-6.9963992798559715,-0.9998990924718952,0.0027873454423806886
-6.896379275855171,-0.9998837612210947,0.0030198765299150536
-6.796359271854371,-0.9998661007930919,0.0032718346738348013
-6.6963392678535705,-0.9998457573821349,0.0035448468556103984
-6.59631926385277,-0.9998223234554806,0.0038406767511733756
-6.49629925985197,-0.9997953296001605,0.004161236234309217
-6.396279255851169,-0.9997642351342494,0.004508597838500936
-6.296259251850369,-0.999728417296001,0.004885008252671871
-6.196239247849569,-0.9996871587962092,0.0052929029308835425
-6.096219243848768,-0.9996396334870111,0.0057349219005716585
-5.996199239847968,-0.9995848898634787,0.006213926858235091
-5.896179235847168,-0.9995218320720695,0.006733019645482035
-5.796159231846367,-0.9994491980515886,0.0072955622017990005
-5.696139227845567,-0.9993655343768849,0.007905198093110775
-5.596119223844767,-0.999269167312136,0.00856587571685716
-5.496099219843966,-0.9991581695082054,0.009281873284575352
-5.396079215843169,-0.9990303216960149,0.010057825681419389
-5.296059211842369,-0.9988830686339072,0.01089875329815624
-5.196039207841569,-0.99871346846017,0.011810092924336664
-5.096019203840768,-0.9985181344808084,0.012797730780814386
-4.995999199839968,-0.9982931682857096,0.013868037754714794
-4.895979195839168,-0.9980340829319746,0.015027906879318365
-4.795959191838367,-0.9977357147598314,0.01628479307394452
-4.695939187837567,-0.9973921222127191,0.01764675512343561
-4.595919183836767,-0.9969964698176446,0.01912249983169248
-4.495899179835966,-0.9965408952439118,0.020721428227141757
-4.395879175835166,-0.9960163570976652,0.02245368362805334
-4.2958591718343655,-0.9954124608271575,0.02433020129010926
-4.195839167833565,-0.9947172598115184,0.026362759255202373
-4.095819163832765,-0.9939170283883227,0.02856402989663013
-3.9957991598319644,-0.9929960032495772,0.03094763150907499
-3.895779155831164,-0.9919360893128558,0.03352817911948061
-3.7957591518303637,-0.9907165258705056,0.03632133349474396
-3.6957391478295634,-0.9893135085583727,0.039343847091990035
-3.595719143828763,-0.9876997624989065,0.04261360543561014
-3.495699139827966,-0.9858440619063051,0.046149662111669314
-3.395679135827166,-0.9837106915535796,0.04997226524548575
-3.2956591318263655,-0.9812588458725908,0.054102872974734685
-3.195639127825565,-0.9784419621922427,0.05856415505333143
-3.095619123824765,-0.9752069858509369,0.06337997732871628
-2.9955991198239644,-0.9714935668166579,0.0685753654390025
-2.895579115823164,-0.9672331902225667,0.07417644369349566
-2.7955591118223637,-0.96234824713464,0.08021034475264682
-2.6955391078215634,-0.9567510572155878,0.08670508544020158
-2.595519103820763,-0.9503428620859705,0.09368940383670103
-2.4954990998199627,-0.9430128174927348,0.10119255276228793
-2.3954790958191623,-0.934637024269854,0.10924404490754704
-2.295459091818362,-0.9250776528721276,0.11787334526926363
-2.1954390878175616,-0.914182234229579,0.12710950725266565
-2.0954190838167612,-0.9017832108352312,0.13698074987245798
-1.9953990798159609,-0.8876978659957583,0.14751397497682678
-1.8953790758151605,-0.8717287751078788,0.1587342253756471
-1.7953590718143602,-0.8536649488889869,0.17066408720126452
-1.6953390678135634,-0.8332838617566414,0.1833230427636592
-1.595319063812763,-0.8103545746482029,0.19672678353880105
-1.4952990598119626,-0.7846421644870555,0.21088649665781128
-1.3952790558111623,-0.755913654591811,0.22580814219608908
-1.295259051810362,-0.7239455927186386,0.24149174248464456
-1.1952390478095616,-0.6885333370351542,0.25793070830803644
-1.0952190438087612,-0.6495019776521201,0.2751112298894588
-0.9951990398079609,-0.6067186391860443,0.2930117626339088
-0.8951790358071605,-0.560105682709981,0.3116026383388031
-0.7951590318063602,-0.5096540691806009,0.3308458316528244
-0.6951390278055598,-0.45543589073318735,0.35069490870863834
-0.5951190238047595,-0.3976148648836496,0.37109517993605984
-0.4950990198039591,-0.3364534734532808,0.3919840721062402
-0.39507901580315874,-0.2723154674852783,0.4132917258860357
-0.2950590118023584,-0.2056626928438779,0.43494181502174495
-0.19503900780155803,-0.13704563056053037,0.4568525723401903
-0.09501900380075767,-0.06708766089795823,0.47893799681796745
0.005001000200042682,0.0035362264140055455,0.501109205871141
0.10502100420084304,0.07412485538643997,0.5232758885940904
0.20504100820163984,0.14397844576474383,0.5453478096606375
0.3050610122024402,0.21242607893267082,0.5672363105341001
0.40508101620324055,0.27885078917542483,0.5888557547965819
0.5051010202040409,0.3427103511712316,0.61012486778655
0.6051210242048413,0.4035524087404582,0.6309679270182623
0.7051410282056416,0.4610232951350958,0.6513157684831035
0.805161032206442,0.5148706034399652,0.6711065841538122
0.9051810362072423,0.5649401657299166,0.6902864969864781
1.0052010402080427,0.6111685190037582,0.7088099106017246
1.105221044208843,0.6535721487958979,0.7266396408724966
1.2052410482096434,0.6922348233497714,0.7437468452515816
1.3052610522104438,0.7272942056620362,0.7601107724309129
1.405281056211244,0.7589287126097957,0.7757183596355751
1.5053010602120445,0.78734533286599,0.7905637075093784
1.6053210642128448,0.8127688608581205,0.8046474632974457
1.7053410682136452,0.8354327809067507,0.8179761421437103
1.8053610722144455,0.8555718584280626,0.8305614141376172
1.9053810762152459,0.873416367280524,0.8424193816317713
2.0054010802160427,0.889187800204418,0.8535698676681576
2.105421084216843,0.9030958650830548,0.8640357324153338
2.2054410882176434,0.9153365543114923,0.8738422305992788
2.3054610922184438,0.9260910791104844,0.8830164192112224
2.405481096219244,0.9355254776795545,0.8915866214399151
2.5055011002200445,0.9437907298000408,0.8995819498897673
2.605521104220845,0.9510232366619598,0.9070318897485574
2.705541108221645,0.9573455504942574,0.9139659406593716
2.8055611122224455,0.9628672623400676,0.9204133146039015
2.905581116223246,0.9676859771720054,0.9264026860726973
3.0056011202240462,0.9718883231859187,0.9319619901266357
3.1056211242248466,0.9755509566020181,0.9371182635830793
3.205641128225647,0.9787415349031456,0.9418975244310296
3.3056611322264473,0.9815196405141899,0.9463246846371399
3.4056811362272477,0.9839376438675951,0.9504234916998396
3.505701140228048,0.9860414999886473,0.9542164946000156
3.6057211442288484,0.9878714765165323,0.9577250301488689
3.7057411482296487,0.98946281375317,0.9609692261187491
3.805761152230449,0.9908463191536943,0.9639680179392439
3.905781156231246,0.9920488998466951,0.9667391761323471
4.005801160232046,0.9930940374646877,0.9692993420355711
4.105821164232847,0.994002209906319,0.9716640697126403
4.205841168233647,0.9947912647428735,0.9738478722731496
4.305861172234447,0.9954767489000914,0.975864271112978
4.405881176235248,0.9960721990504503,0.9777258468456246
4.505901180236048,0.9965893968840648,0.9794442909217331
4.605921184236848,0.9970385931197255,0.9810304571313547
4.705941188237649,0.9974287037938018,0.9824944123531262
4.805961192238449,0.9977674820394433,0.9838454860589021
4.905981196239249,0.9980616682523159,0.9850923182040366
5.00600120024005,0.9983171212387703,0.9862429052350313
5.10602120424085,0.998538932661933,0.9873046440301301
5.2060412082416505,0.9987315268427938,0.9882843736569641
5.306061212242451,0.9988987477376366,0.9891884148866984
5.406081216243251,0.9990439346998848,0.9900226074482336
5.506101220244052,0.9991699884427107,0.9907923450406305
5.606121224244852,0.9992794284473713,0.9915026081485655
5.706141228245652,0.9993744429096703,0.9921579947256594
5.806161232246449,0.9994569321816674,0.9927627488250967
5.9061812362472494,0.9995285465461619,0.9933207872670669
6.00620124024805,0.9995907190560277,0.9938357244390771
6.10622124424885,0.9996446940777084,0.9943108953288278
6.2062412482496505,0.9996915520967159,0.9947493768906767
6.306261252250451,0.999732231271553,0.9951540078463149
6.406281256251251,0.9997675461599533,0.9955274070184933
6.506301260252052,0.999798203986646,0.9958719902938475
6.606321264252852,0.999824818774079,0.9961899863073498
6.706341268253652,0.9998479236158424,0.9964834509368765
6.806361272254453,0.9998679813361518,0.9967542806920346
6.906381276255253,0.9998853937470614,0.9970042250768434
7.00640128025605,0.9999005096874454,0.9972348980012512
7.106421284256854,0.9999136320037462,0.9974477883118923
7.2064412882576505,0.9999250236115481,0.997644269507956
7.306461292258454,0.9999349127588252,0.9978256087036774
7.406481296259251,0.999943497595866,0.997992974894734
7.506501300260055,0.9999509501431039,0.9981474465818093
7.606521304260852,0.9999574197360996,0.9982900188007708
7.706541308261656,0.9999630360165154,0.9984216096052849
7.806561312262453,0.9999679115288679,0.9985430660443112
7.9065813162632566,0.9999721439749873,0.9986551696737329
8.006601320264053,0.9999758181712768,0.9987586416383982
8.106621324264857,0.9999790077479311,0.9988541473580971
8.206641328265654,0.9999817766241226,0.9989423008483999
8.306661332266458,0.9999841802886781,0.9990236687049079
8.406681336267255,0.9999862669118873,0.9990987737772397
8.506701340268059,0.9999880783107024,0.9991680985570345
8.606721344268855,0.9999896507866575,0.9992320883023456
8.706741348269652,0.9999910158532882,0.9992911539190512
8.806761352270456,0.9999922008676215,0.9993456746182924
8.906781356271253,0.9999932295783834,0.9993960003674477
9.006801360272057,0.9999941226019086,0.9994424541507853
9.106821364272854,0.9999948978352831,0.9994853340546603
9.206841368273658,0.9999955708149997,0.9995249151909537
9.306861372274454,0.9999961550283095,0.9995614514713799
9.406881376275258,0.9999966621835101,0.9995951772442881
9.506901380276055,0.9999971024445837,0.9996263088046731
9.606921384276859,0.9999974846348886,0.9996550457872723
9.706941388277656,0.9999978164139852,0.9996815724518452
9.80696139227846,0.9999981044311388,0.9997060588690239
9.906981396279257,0.9999983544585764,0.9997286620144592
10.00700140028006,0.9999985715071673,0.9997495267783891
10.107021404280857,0.9999987599268456,0.9997687868971944
10.207041408281661,0.9999989234937874,0.9997865658129889
10.307061412282458,0.9999990654860891,0.9998029774668379
10.407081416283255,0.9999991887494644,0.9998181270307336
10.507101420284059,0.9999992957542756,0.9998321115830783
10.607121424284855,0.9999993886450423,0.9998450207320531
10.70714142828566,0.9999994692834205,0.9998569371908982
10.807161432286456,0.9999995392855122,0.9998679373088265
10.90718143628726,0.9999996000542539,0.9998780915610039
11.007201440288057,0.999999652807534,0.9998874650007572
11.10722144428886,0.9999996986026,0.9998961176769292
11.207241448289658,0.9999997383572474,0.9999041050190732
11.307261452290462,0.9999997728682138,0.9999114781929679
11.407281456291258,0.9999998028271463,0.999918284428748
11.507301460292062,0.999999828834463,0.9999245673237589
11.607321464292859,0.9999998514113863,0.9999303671220878
11.707341468293663,0.9999998710103886,0.999935720972571
11.80736147229446,0.999999888024261,0.9999406631669346
11.907381476295264,0.9999999027939849,0.9999452253596038
12.00740148029606,0.999999915615566,0.999949436770588
12.107421484296864,0.9999999267459664,0.9999533243727533
12.207441488297661,0.9999999364082547,0.9999569130646792
12.307461492298458,0.9999999447960765,0.9999602258302127
12.407481496299262,0.9999999520775352,0.9999632838857446
12.507501500300059,0.9999999583985616,0.9999661068161533
12.607521504300863,0.9999999638858376,0.999968712700289
12.70754150830166,0.9999999686493357,0.999971118226801
12.807561512302463,0.9999999727845231,0.9999733388010561
12.90758151630326,0.9999999763742748,0.9999753886438336
13.007601520304064,0.9999999794905342,0.999977280882423
13.10762152430486,0.9999999821957556,0.9999790276347169
13.207641528305665,0.9999999845441552,0.9999806400868357
13.307661532306462,0.9999999865827983,0.9999821285647814
13.407681536307265,0.9999999883525421,0.999983502600579
13.507701540308062,0.9999999898888547,0.9999847709933316
13.607721544308866,0.9999999912225261,0.9999859418655813
13.707741548309663,0.9999999923802847,0.9999870227153315
13.807761552310467,0.9999999933853336,0.9999880204640715
13.907781556311264,0.9999999942578155,0.9999889415011076
14.007801560312068,0.999999995015216,0.9999897917244841
14.107821564312864,0.9999999956727146,0.999990576578756
14.207841568313661,0.9999999962434883,0.9999913010898616
14.307861572314465,0.9999999967389763,0.9999919698973078
14.407881576315262,0.999999997169109,0.9999925872838831
14.507901580316066,0.9999999975425067,0.9999931572030879
14.607921584316863,0.9999999978666528,0.9999936833044522
14.707941588317667,0.9999999981480436,0.9999941689569052
14.807961592318463,0.9999999983923188,0.9999946172703537
14.907981596319267,0.9999999986043737,0.9999950311155968
15.008001600320064,0.9999999987884584,0.9999954131427108
15.108021604320868,0.9999999989482621,0.9999957657980187
15.208041608321665,0.9999999990869874,0.9999960913397556
15.308061612322469,0.9999999992074148,0.999996391852533
15.408081616323265,0.9999999993119577,0.9999966692606868
15.50810162032407,0.9999999994027112,0.9999969253406001
15.608121624324866,0.9999999994814943,0.999997161732079
15.70814162832567,0.9999999995498857,0.9999973799488538
15.808161632326467,0.9999999996092563,0.9999975813882717
15.90818163632727,0.9999999996607959,0.999997767340246
16.008201640328068,0.9999999997055372,0.9999979389955145
16.108221644328864,0.9999999997443771,0.999998097453265
16.20824164832967,0.9999999997780942,0.9999982437281751
16.308261652330465,0.9999999998073638,0.9999983787569104
16.40828165633127,0.9999999998327727,0.9999985034041224
16.508301660332066,0.9999999998548301,0.9999986184679831
16.60832166433287,0.9999999998739783,0.9999987246852978
16.708341668333667,0.9999999998906006,0.9999988227362249
16.80836167233447,0.9999999999050305,0.9999989132486269
16.908381676335267,0.9999999999175571,0.999998996802094
17.00840168033607,0.9999999999284315,0.9999990739316578
17.108421684336868,0.9999999999378714,0.9999991451312127
17.208441688337672,0.9999999999460663,0.9999992108566789
17.30846169233847,0.9999999999531801,0.9999992715289251
17.408481696339273,0.9999999999593557,0.9999993275364627
17.50850170034007,0.9999999999647168,0.9999993792379328
17.608521704340873,0.9999999999693706,0.9999994269644032
17.70854170834167,0.9999999999734107,0.9999994710214856
17.808561712342474,0.9999999999769179,0.9999995116912959
17.90858171634327,0.9999999999799624,0.9999995492342596
18.008601720344068,0.9999999999826054,0.9999995838907804
18.10862172434487,0.9999999999848997,0.9999996158827786
18.20864172834567,0.9999999999868915,0.9999996454151134
18.308661732346472,0.9999999999886205,0.9999996726768936
18.40868173634727,0.9999999999901215,0.9999996978426895
18.508701740348073,0.9999999999914244,0.9999997210736489
18.60872174434887,0.9999999999925556,0.9999997425185286
18.708741748349674,0.9999999999935375,0.9999997623146482
18.80876175235047,0.9999999999943899,0.9999997805887695
18.908781756351274,0.9999999999951299,0.9999997974579103
19.00880176035207,0.9999999999957723,0.9999998130300902
19.108821764352875,0.9999999999963299,0.9999998274050239
19.208841768353672,0.999999999996814,0.9999998406747606
19.308861772354476,0.9999999999972342,0.9999998529242718
19.408881776355273,0.999999999997599,0.999999864231997
19.508901780356076,0.9999999999979158,0.9999998746703443
19.608921784356873,0.9999999999981907,0.9999998843061553
19.70894178835767,0.9999999999984293,0.9999998932011326
19.808961792358474,0.9999999999986364,0.9999999014122353
19.90898179635927,0.9999999999988163,0.9999999089920434
20.009001800360075,0.9999999999989725,0.9999999159890953
20.10902180436087,0.9999999999991079,0.9999999224481981
20.209041808361675,0.9999999999992256,0.9999999284107142
20.309061812362472,0.9999999999993278,0.9999999339148276
20.409081816363276,0.9999999999994165,0.9999999389957882
20.509101820364073,0.9999999999994934,0.9999999436861368
20.609121824364877,0.9999999999995602,0.9999999480159144
20.709141828365674,0.9999999999996182,0.9999999520128553
20.809161832366478,0.9999999999996686,0.9999999557025648
20.909181836367274,0.9999999999997123,0.9999999591086836
21.00920184036808,0.9999999999997502,0.9999999622530388
21.109221844368875,0.9999999999997832,0.9999999651557866
21.20924184836968,0.9999999999998118,0.999999967835539
21.309261852370476,0.9999999999998366,0.9999999703094852
21.40928185637128,0.9999999999998581,0.9999999725935037
21.509301860372076,0.9999999999998769,0.9999999747022625
21.609321864372873,0.9999999999998931,0.9999999766493143
21.709341868373677,0.9999999999999072,0.9999999784471857
21.809361872374474,0.9999999999999194,0.9999999801074555
21.909381876375278,0.9999999999999301,0.9999999816408329
22.009401880376075,0.9999999999999393,0.9999999830572227
22.10942188437688,0.9999999999999473,0.9999999843657925
22.209441888377675,0.9999999999999543,0.9999999855750306
22.30946189237848,0.9999999999999603,0.9999999866927988
22.409481896379276,0.9999999999999655,0.999999987726384
22.50950190038008,0.99999999999997,0.9999999886825438
22.609521904380877,0.999999999999974,0.9999999895675499
22.70954190838168,0.9999999999999775,0.9999999903872225
22.809561912382478,0.9999999999999805,0.9999999911469719
22.90958191638328,0.999999999999983,0.9999999918518248
23.00960192038408,0.9999999999999852,0.9999999925064597
23.109621924384882,0.9999999999999872,0.9999999931152262
23.20964192838568,0.9999999999999889,0.9999999936821746
23.309661932386483,0.9999999999999903,0.9999999942110778
23.40968193638728,0.9999999999999917,0.9999999947054492
23.509701940388076,0.9999999999999928,0.9999999951685624
23.60972194438888,0.9999999999999937,0.9999999956034665
23.709741948389677,0.9999999999999946,0.999999996013001
23.80976195239048,0.9999999999999952,0.9999999963998142
23.909781956391278,0.9999999999999959,0.999999996766374
24.009801960392082,0.9999999999999964,0.9999999971149816
24.10982196439288,0.9999999999999969,0.9999999974477848
24.209841968393683,0.9999999999999973,0.9999999977667906
24.30986197239448,0.9999999999999977,0.999999998073876
24.409881976395283,0.999999999999998,0.9999999983708053
24.50990198039608,0.9999999999999982,0.9999999986592414
24.609921984396884,0.9999999999999984,0.999999998940757
24.70994198839768,0.9999999999999987,0.9999999992168521
24.809961992398485,0.9999999999999989,0.999999999488967
24.90998199639928,0.999999999999999,0.9999999997584995
